m.09qb6v	Gary Halvorson	m.0q7f5	Hartford
m.0cj27q	Larry Wilmore	m.02rlhlk	Solana de los Barros
m.0b74bk	Ed Christie	m.04bwqf1	East Houston
m.0p7rrzk	Don Hewitt	m.04bdrzm	West Alabama
m.0gc42ls	Brian Christensen	m.0vq7l	East China Township
m.0nfzxjn	Lisa Hoyle	m.0_w15	Englewood
m.0gdl8y3	Jim Wilkey	m.0485d_r	New Village
m.09j63nx	Susan Dudeck	m.0c3ygpm	McCarley, Mississippi
m.0bggpz3	Jeff Wolfe	m.03m7ptq	Quincy-sous-le-Mont
m.09k27s_	Terry Rodman	m.02654k8	Palmyra
m.0p176d1	Daniel Arrias	m.02rp56n	Armilla, Granada
m.01lcmjr	Donnie McClurkin	m.0485d_r	New Village
m.091h2mf	Howard Berger	m.04gswhf	Buda Ruska
m.0gcc933	Michelle Fitzgerald	m.0st68	Greenville
m.0gyjqz	Mitch Markowitz	m.0r2rk	Yorba Linda
m.02773m2	John Riggi	m.0485d_r	New Village
m.0pccxm6	Brian Peters	m.0yv6t	New Washington
m.0kslg1	Barnet Kellman	m.048q3hh	Los Cerritos
m.0p3xkql	Roy Taylor	m.048vmjb	Little River North
m.092xjym	Bill Corso	m.048sy1p	North Tampa Heights
m.0j2ktgp	Don Worsham	m.0499p6_	Tantallon North
m.0p74f80	Eduardo Gomez	m.04bzfr8	Girlstown USA
m.09dvkdm	Alice West	m.04c7mw3	Loudon Heights
m.0b48nh	Michael Doucet	m.0tddd	LaFayette
m.0gc0r5g	Sarah Kanter	m.0485d_r	New Village
m.0bvttdw	Peter Epstein	m.0gx_2nv	The Oaks, Nevada County, California
m.0hh8drz	Richard Ryan	m.06yqx3	Puerto Castilla, Honduras
m.0h7z257	Rick Avery	m.04bjn0f	Clackamas Heights
m.0chv527	Terry Turner	m.04mxzkq	Sunset Point, Florida
m.0gkgd60	Jim Palmer	m.0bh84gl	Riverside, Ritchie County, West Virginia
m.027742k	Brett Baer	m.04bz0l7	La Hermosa Colonia
m.0nhny5w	George Cottle	m.049cdj_	Scotland Beach
m.0nhnzb7	James Fierro	m.0fcfrz	Seal of Denver
m.05vtbl	Bruce Timm	m.025rz1b	Luk Keng Chan Uk
m.026sk_4	Tom Casiello	m.04b0v4h	Brooklyn
m.0p9642s	Mick O'Rourke	m.05m_9bg	Winkie, South Australia
m.0cj2nl	Lee Eisenberg	m.02pp02m	Botsford, Connecticut
m.01ww39j	Vishal Dadlani	m.0488bp5	Maryland West Mobile Home Park
m.03ck_rf	Jane Atkins	m.0r9k1	Heritage Hills
m.0h0_w47	Mark Keefer	m.0_8p1	Shamokin Township
m.0p735xs	Frank Ferrara	m.0485d_r	New Village
m.0p1bh3l	Dennis Scott	m.0_ysv	West Columbia
m.0gc91cs	Marvin Campbell	m.09gkkgp	Michigan City, Mississippi
m.0gb31m5	Scott Rogers	m.0807skk	York Center, Ohio
m.0pbxm6b	Aaron Vexler	m.04b6_tp	Long Beach
m.06zmrd2	David Leitch	m.04bwp4s	The Grove
m.0c212n	David Mallet	m.047c_jz	Stanley, Perthshire
m.0ndr08n	Mark Riccardi	m.010kgh	Plainfield
m.09ryvw2	Scott Farrar	m.04b6k1n	Lincoln Park
m.0nfzxk7	Phil Culotta	m.04bc1z5	Gilbert Corners
m.026blm9	Anthony Yerkovich	m.04b8_d3	Miami Beach
m.0bf5yw0	Jon Valera	m.04b9724	Staten Island Junction
m.02qgnb4	Shaun Cashman	m.04b24h9	Burbank
m.0bflz8m	Geoff Adams	m.04c4zdz	Austin
m.0pccxb7	Andy Norman	m.04948jc	Portland
m.02qgqn8	Greg Powell	m.0485d_r	New Village
m.06np28k	Amy Schatz	m.04bchkd	Malden-on-Hudson
m.0nzv48m	Chris Nolte	m.0sn6w	Merrillville
m.03cm98c	David Shaughnessy	m.049zhzx	Tacoma
m.0b72pm4	Alec Gillis	m.05pcp7b	Estrella, Phoenix, Arizona
m.03wh8jk	Steven Peterman	m.04bbll2	Atlanta
m.070bm2	George Lam	m.0660spz	San Agust√≠n Amatengo
m.053gcc9	Joel Gallen	m.0485d_r	New Village
m.02wl3cp	Jerry Collins	m.0488y_r	Samoa
m.0ndqtn9	Erik Stabenau	m.04b8_d3	Miami Beach
m.09vx43b	Greg Funk	m.0_ysv	West Columbia
m.0g1gqh	Mark Chadwick	m.02rlhlk	Solana de los Barros
m.0bnls70	Steve Griffin	m.05pcp7b	Estrella, Phoenix, Arizona
m.0gcc5q6	Paul Greenberg	m.0djd3	Albuquerque
m.0pb3gwh	Wade Eastwood	m.0z1mn	South Webster
m.0k3wcm	Audu Paden	m.02qmskv	San Juanito, Colombia
m.0bfd_4s	Terry Leonard	m.0498gn1	Clayton Manor
m.09gb9xh	Andrea Romano	m.0484v_5	North Montgomery
m.0p82dy_	Mike Lambert	m.049_sh4	Henderson
m.0p73wlf	Tim Gallin	m.0485d_r	New Village
m.0mz_bvh	Colleen Curtis	m.049z4rb	Brighton Corner
m.0pc6g_s	Pat Romano	m.04b4gr6	New Chicago
m.0p755gy	Frank Henson	m.04bm513	Mount Pleasant
m.09y1hr7	Jacqui Allen	m.0497s_c	Lancaster Hill
m.0c1lbgj	Rich Wilkie	m.048rys0	Andover Lakes Estates
m.04d0c2q	Michael Burke	m.04bcm6g	New Ireland
m.0bbxx9b	Randy Thom	m.04bbydy	East Geneva
m.0sgvp6s	Ron Sheldon	m.0497s_c	Lancaster Hill
m.04n58gn	Niv Fichman	m.04bwsh6	Toronto
m.0pbxl04	Gary Tacon	m.0y6cr	Piermont
m.0p829_b	Vincent Wang	m.04c1htq	Richmond Heights
m.02gvz5	Tan Dun	m.0gh5_1b	Leifeng, Hunan
m.0h7y_fn	Amy Rhodes	m.05mqlmh	Raz El Ma
m.076mzp	Sarah Durkee	m.04c52wk	South Seattle
m.0nhn_32	Marie Fink	m.04b8knl	Franklin
m.01wr5l4	Mark Mangini	m.0485d_r	New Village
m.0p186b0	Jeremy Fitzgerald	m.05zr59k	Highland Village, California
m.0p17h33	Steve Blalock	m.0c_6zl	Claxton
m.02nrk0x	Chris Palermo	m.0485d_r	New Village
m.0n2kt6b	James Ramsay	m.04b156c	Scotland
m.03hkhy6	Bob Dolman	m.049zrcl	Little Canada
m.0njjztk	Allison Caetano	m.04b2nt4	Brazil
m.0gc9d5_	Dudley Beene	m.05t0kxx	Brush, California
