m.0bvttdw	Peter Epstein
m.0ncqp2k	Bob Colletti
m.0pbxm6b	Aaron Vexler
m.0p9r77d	Paul Marini
m.0ghfwvz	Darrin Prescott
m.0gxdnf3	Don Abbatiello
m.0p73wlf	Tim Gallin
m.0gc91cs	Marvin Campbell
m.0glzp0t	Maurice Lee
m.0pbxfxt	Mark Mottram
m.0n4d5m_	Jason Hunjan
m.0p73366	Roy Farfel
m.0nb4gcb	Pete Bucossi
m.0p735xs	Frank Ferrara
m.0gccpgx	G.A. Aguilar
m.04d0c2q	Michael Burke
m.06zmrd2	David Leitch
m.03hmr5l	Terry Serpico
m.0p94xy3	Brian Smyj
m.047q2wc	Jim Wilson
m.0gbx0n5	Gareth Milne
m.0gkgd60	Jim Palmer
m.02qgqn8	Greg Powell
m.0ncpxxm	Bill Anagnos
m.0p7rv0h	Jery Hewitt
m.0gbzrnt	Ray Nicholas
m.0p18l50	Rob Mars
m.0p7rrzk	Don Hewitt
m.0p9642s	Mick O'Rourke
m.0p82dy_	Mike Lambert
m.0p2z1jm	Peter Miles
m.0pbxl0s	Arran Topham
m.0pbxl04	Gary Tacon
m.0pbxgqc	Janet Paparazzo
m.0p9sf67	Andy Merchant
m.0p3xkql	Roy Taylor
m.0p829_b	Vincent Wang
m.0hn3820	Boris Martinez
m.0pbxn6b	Reg Wayment
m.0pbxkf2	Matthew Stirling
m.0pbxh3m	John Roney
m.0p9s129	Nick McKinless
m.0p755gy	Frank Henson
m.0p74q0m	Tarick Hadouch
m.0p74f80	Eduardo Gomez
m.0p73kyc	Dean Forster
m.0p72v7x	Georg Ebinal
m.0nhmsxb	Michael Bornhütter
m.0gb31m5	Scott Rogers
m.0p9s7mm	Erol Mehmet
m.0p9r5j1	Stephen Mann
m.0p7sj6z	Rob Inch
m.0p7s9yb	Rob Hunt
m.0ncnpy9	Miguel Pedregosa
m.0dfxv2w	James O'Donnell
m.0gj8mtr	Michael Li
m.0ghfww4	Tracey Ruggiero
m.0nfzxk7	Phil Culotta
m.0gkvh51	Paul Eliopoulos
m.0p176d1	Daniel Arrias
m.0pb3kd2	Tom Struthers
m.0nhny5w	George Cottle
m.0j3qw67	Rex Reddick
m.0gdl8y3	Jim Wilkey
m.0nfmm7f	Rick Miller
m.09gb9xh	Andrea Romano
m.0nhn_32	Marie Fink
m.0gc42ls	Brian Christensen
m.09qb6v	Gary Halvorson
m.0pc66pj	Will Leong
m.02nrk0x	Chris Palermo
m.0g1gv_	Dane Farwell
m.0g1gqh	Mark Chadwick
m.0njjztk	Allison Caetano
m.0bggpz3	Jeff Wolfe
m.0bf5yw0	Jon Valera
m.0nfzxjn	Lisa Hoyle
m.0kslg1	Barnet Kellman
m.0b_vkr8	Thomas DuPont
m.0mz_bvh	Colleen Curtis
m.0gcbvqz	Jess King
m.0gbxx3t	Chris Carnel
m.0pb3gwh	Wade Eastwood
m.0bfd_4s	Terry Leonard
m.0k8bpl2	Guy Jones
m.0jvvdt	Jamie deRoy
m.0bbxx9b	Randy Thom
m.0bc7wb	Rollie Krewson
m.09y1hr7	Jacqui Allen
m.0kpt2rx	Sam Black
m.05vtbl	Bruce Timm
m.0ghfwvd	Tom Lowell
m.0bnls70	Steve Griffin
m.0sgvp6s	Ron Sheldon
m.0h7z257	Rick Avery
m.0p87bzm	Gary Hoptrough
m.0gcj5p7	Steve DeCastro
m.0pkyqqt	Marlow Warrington-Mattei
m.0pkyqj0	Mens-Sana Tamakloe
m.0pkynx4	Andy Pilgrim
m.02gvz5	Tan Dun
m.0chv527	Terry Turner
m.04f3h2f	J.J. Perry
m.091h2mf	Howard Berger
m.02773m2	John Riggi
m.0k48fg	Joey Mazzarino
m.0gc3l8y	Alicia Skirball
m.0gc76pz	Tobiasz Daszkiewicz
m.0njb8dq	Matthew LeFevour
m.0pccxmd	Scott Philyaw
m.0nzv48m	Chris Nolte
m.0nfp1xj	Tom McComas
m.0nhnzb7	James Fierro
m.0j2ktgp	Don Worsham
m.0pccxm6	Brian Peters
m.0pccxb7	Andy Norman
m.03yvvll	Ted Haigh
m.0p1bh3l	Dennis Scott
m.0hh8drz	Richard Ryan
m.0c1lbgj	Rich Wilkie
m.0nh7fjt	Richard Burden
m.0sgvn60	Sam Drummy
m.0b74bk	Ed Christie
m.0n3g_qz	Dick Blasucci
m.08x9_2h	Christopher Scarabosio
m.0bflz8m	Geoff Adams
m.09dv134	Joel Harlow
m.076mzp	Sarah Durkee
m.08_zfxt	Jeanne McCarthy
m.09dvkdm	Alice West
m.0h7y_fn	Amy Rhodes
m.0gc5x3v	Danny Breen
m.0cj27q	Larry Wilmore
m.0fq6rm	Kevin Bleyer
m.0k3wcm	Audu Paden
m.026sk_4	Tom Casiello
m.09vx43b	Greg Funk
m.092xjym	Bill Corso
m.070bm2	George Lam
m.028172y	Bret Haaland
m.0b48nh	Michael Doucet
m.09k27s_	Terry Rodman
m.0h1029j	Heather Asch
m.0gb5dz5	John Over
m.0ncq6wj	Mike Mukatis
m.0h0_w47	Mark Keefer
m.03cm826	Leslie Nipkow
m.053gcc9	Joel Gallen
m.09dtm9q	Tim Hands
m.0ndqtn9	Erik Stabenau
m.0qk_8w9	Damion Poitier
m.09g1yg6	Ron Simons
m.0pc6g_s	Pat Romano
m.03wh8jk	Steven Peterman
m.027742k	Brett Baer
m.02qgnb4	Shaun Cashman
m.01lcmjr	Donnie McClurkin
m.0264c31	Steve Little
m.0b72pm4	Alec Gillis
m.05y1byh	Sindy McKay
m.0n3hz6v	Mert Rich
m.0n2kt6b	James Ramsay
m.03cm98c	David Shaughnessy
m.0dg6q7	Wallace Wolodarsky
m.01ww39j	Vishal Dadlani
m.03ck_rf	Jane Atkins
m.0p186b0	Jeremy Fitzgerald
m.06np28k	Amy Schatz
m.0bb_246	Brian Meehl
m.0cnchrf	Anatol Yusef
m.0bxkpr_	Félix Bergés
m.0cr7p37	Raj Mehra
m.0p191dg	Courtney Munch
m.0p17h33	Steve Blalock
m.0ndr08n	Mark Riccardi
m.0gyjqz	Mitch Markowitz
m.04n58gn	Niv Fichman
m.02wl3cp	Jerry Collins
m.09j63nx	Susan Dudeck
m.094xd5	Chris Ward
m.0gc0r5g	Sarah Kanter
m.0j7flhm	Hugh Fink
m.03j06lr	Marcio Doctor
m.0c212n	David Mallet
m.026blm9	Anthony Yerkovich
m.09ryvw2	Scott Farrar
m.04p7fr7	Jacqueline Pennewill
m.091h22j	Joy Zapata
m.098468l	James MacKinnon
m.0gcc5q6	Paul Greenberg
m.03hkhy6	Bob Dolman
m.090f9zs	Drew Kunin
m.09gcm43	Tom Caltabiano
m.0cj2nl	Lee Eisenberg
m.01wr5l4	Mark Mangini
m.0gc9d5_	Dudley Beene
m.0gcc933	Michelle Fitzgerald
m.0jt5pn	Nick Doob
m.02wl0r7	Gary Dontzig
m.094xnn8	Glenn Newnham
